,mean,std
genHour,11.999294275256572,6.633392901200756
eff_krig,0.1304926526158808,0.19400859889839359
