,mean,std
genHour,12.0,6.633435175472541
eff_krig,0.1331063516947005,0.18346573631590898
RN,0.4486054860978629,1.1001495449574972
