,mean,std
genHour,12.0,6.633428942559835
eff_krig,0.13653660119340652,0.18968875477547015
RN,0.3986896326264036,1.0355757237159702
