,mean,std
genHour,12.0,6.633435175472541
SW038,15897.016619103575,260.8134358556512
WV063,3795.6573219181914,84.29128127014276
WV069,7232.805327066197,296.51081328018495
WV073,6858.32152649544,423.7733650357463
IR087,5219.346650998825,1158.6075149712358
IR096,6022.386212299256,586.7824343923868
IR105,4606.246097028706,1256.5088777632945
IR112,4473.890884673493,1258.3810503777195
IR123,4407.318672709977,1178.7826902628342
IR133,4854.97353253875,829.0143923071839
